claim_id,policy_id,customer_id,provider_id,amount,status
CLM0001,POL0001,CUST0001,PROV0001,3377.54,Closed
CLM0002,POL0002,CUST0002,PROV0002,31253.44,Pending
CLM0003,POL0003,CUST0003,PROV0003,27462.99,Closed
CLM0004,POL0004,CUST0004,PROV0004,19107.13,Pending
CLM0005,POL0005,CUST0005,PROV0005,26574.79,Closed
CLM0006,POL0006,CUST0006,PROV0006,25327.0,Closed
CLM0007,POL0007,CUST0007,PROV0007,5049.01,Pending
CLM0008,POL0008,CUST0008,PROV0008,5809.26,Pending
CLM0009,POL0009,CUST0009,PROV0009,32580.74,Pending
CLM0010,POL0010,CUST0010,PROV0010,36069.91,Open
CLM0011,POL0011,CUST0011,PROV0011,21560.49,Open
CLM0012,POL0012,CUST0012,PROV0012,20749.3,Closed
CLM0013,POL0013,CUST0013,PROV0013,19996.64,Pending
CLM0014,POL0014,CUST0014,PROV0014,4844.78,Closed
CLM0015,POL0015,CUST0015,PROV0015,15694.93,Closed
CLM0016,POL0016,CUST0016,PROV0016,18777.62,Open
CLM0017,POL0017,CUST0017,PROV0017,34372.37,Closed
CLM0018,POL0018,CUST0018,PROV0018,3449.95,Open
CLM0019,POL0019,CUST0019,PROV0019,4752.18,Open
CLM0020,POL0020,CUST0020,PROV0020,37254.99,Closed
CLM0021,POL0021,CUST0021,PROV0021,40607.29,Pending
CLM0022,POL0022,CUST0022,PROV0022,3093.05,Pending
CLM0023,POL0023,CUST0023,PROV0023,28128.0,Pending
CLM0024,POL0024,CUST0024,PROV0024,6199.34,Closed
CLM0025,POL0025,CUST0025,PROV0025,43693.01,Closed
CLM0026,POL0026,CUST0026,PROV0026,43417.8,Pending
CLM0027,POL0027,CUST0027,PROV0027,2667.16,Closed
CLM0028,POL0028,CUST0028,PROV0028,30060.46,Closed
CLM0029,POL0029,CUST0029,PROV0029,5269.67,Pending
CLM0030,POL0030,CUST0030,PROV0030,10715.67,Pending
CLM0031,POL0031,CUST0031,PROV0031,24161.25,Open
CLM0032,POL0032,CUST0032,PROV0032,17570.69,Pending
CLM0033,POL0033,CUST0033,PROV0033,18441.3,Closed
CLM0034,POL0034,CUST0034,PROV0034,28747.59,Closed
CLM0035,POL0035,CUST0035,PROV0035,42273.24,Pending
CLM0036,POL0036,CUST0036,PROV0036,30717.31,Pending
CLM0037,POL0037,CUST0037,PROV0037,27881.31,Pending
CLM0038,POL0038,CUST0038,PROV0038,46461.31,Pending
CLM0039,POL0039,CUST0039,PROV0039,13445.64,Open
CLM0040,POL0040,CUST0040,PROV0040,13736.19,Closed
CLM0041,POL0041,CUST0041,PROV0041,46084.72,Closed
CLM0042,POL0042,CUST0042,PROV0042,404.68,Open
CLM0043,POL0043,CUST0043,PROV0043,28359.42,Closed
CLM0044,POL0044,CUST0044,PROV0044,3572.31,Pending
CLM0045,POL0045,CUST0045,PROV0045,31695.28,Open
CLM0046,POL0046,CUST0046,PROV0046,4678.71,Pending
CLM0047,POL0047,CUST0047,PROV0047,10835.13,Closed
CLM0048,POL0048,CUST0048,PROV0048,22736.92,Open
CLM0049,POL0049,CUST0049,PROV0049,18565.65,Pending
CLM0050,POL0050,CUST0050,PROV0050,16286.71,Pending
CLM0051,POL0051,CUST0051,PROV0051,29851.57,Open
CLM0052,POL0052,CUST0052,PROV0052,7863.44,Pending
CLM0053,POL0053,CUST0053,PROV0053,2583.15,Open
CLM0054,POL0054,CUST0054,PROV0054,13677.93,Pending
CLM0055,POL0055,CUST0055,PROV0055,21258.34,Pending
CLM0056,POL0056,CUST0056,PROV0056,22158.0,Closed
CLM0057,POL0057,CUST0057,PROV0057,10856.89,Pending
CLM0058,POL0058,CUST0058,PROV0058,5779.49,Closed
CLM0059,POL0059,CUST0059,PROV0059,5633.4,Pending
CLM0060,POL0060,CUST0060,PROV0060,33956.46,Closed
CLM0061,POL0061,CUST0061,PROV0061,26394.01,Closed
CLM0062,POL0062,CUST0062,PROV0062,2366.33,Closed
CLM0063,POL0063,CUST0063,PROV0063,49223.84,Open
CLM0064,POL0064,CUST0064,PROV0064,483.59,Closed
CLM0065,POL0065,CUST0065,PROV0065,47271.67,Open
CLM0066,POL0066,CUST0066,PROV0066,38231.63,Closed
CLM0067,POL0067,CUST0067,PROV0067,16473.31,Open
CLM0068,POL0068,CUST0068,PROV0068,24919.53,Closed
CLM0069,POL0069,CUST0069,PROV0069,8867.17,Closed
CLM0070,POL0070,CUST0070,PROV0070,26675.86,Open
CLM0071,POL0071,CUST0071,PROV0071,25063.09,Pending
CLM0072,POL0072,CUST0072,PROV0072,40329.39,Open
CLM0073,POL0073,CUST0073,PROV0073,19913.85,Pending
CLM0074,POL0074,CUST0074,PROV0074,2210.88,Open
CLM0075,POL0075,CUST0075,PROV0075,23041.74,Open
CLM0076,POL0076,CUST0076,PROV0076,43119.29,Pending
CLM0077,POL0077,CUST0077,PROV0077,21521.29,Closed
CLM0078,POL0078,CUST0078,PROV0078,35504.0,Closed
CLM0079,POL0079,CUST0079,PROV0079,14546.81,Closed
CLM0080,POL0080,CUST0080,PROV0080,1140.74,Closed
CLM0081,POL0081,CUST0081,PROV0081,8676.47,Pending
CLM0082,POL0082,CUST0082,PROV0082,23058.84,Pending
CLM0083,POL0083,CUST0083,PROV0083,45996.51,Open
CLM0084,POL0084,CUST0084,PROV0084,21891.92,Open
CLM0085,POL0085,CUST0085,PROV0085,12241.49,Pending
CLM0086,POL0086,CUST0086,PROV0086,20082.45,Open
CLM0087,POL0087,CUST0087,PROV0087,19848.76,Closed
CLM0088,POL0088,CUST0088,PROV0088,37315.66,Open
CLM0089,POL0089,CUST0089,PROV0089,16720.12,Open
CLM0090,POL0090,CUST0090,PROV0090,3911.33,Pending
CLM0091,POL0091,CUST0091,PROV0091,5789.93,Pending
CLM0092,POL0092,CUST0092,PROV0092,9775.79,Closed
CLM0093,POL0093,CUST0093,PROV0093,17619.88,Pending
CLM0094,POL0094,CUST0094,PROV0094,40770.35,Open
CLM0095,POL0095,CUST0095,PROV0095,5229.95,Closed
CLM0096,POL0096,CUST0096,PROV0096,9943.86,Pending
CLM0097,POL0097,CUST0097,PROV0097,7728.2,Pending
CLM0098,POL0098,CUST0098,PROV0098,3860.13,Pending
CLM0099,POL0099,CUST0099,PROV0099,24756.44,Pending
CLM0100,POL0100,CUST0100,PROV0100,38017.87,Closed
